<ImportExportXml version="7.0.0001.0121" SolutionPackageVersion="7.0" languagecode="1033" generatedBy="CrmLive" xmlns:xsi="http://www.w3.org/2001/XMLSchema-instance">
  <SolutionManifest>
    <UniqueName>Permobil_CustomNotes</UniqueName>
    <LocalizedNames>
      <LocalizedName description="Permobil_CustomNotes" languagecode="1033" />
    </LocalizedNames>
    <Descriptions />
    <Version>1.0.0.1</Version>
    <Managed>1</Managed>
    <Publisher>
      <UniqueName>Defaultpublisherpermobil</UniqueName>
      <LocalizedNames>
        <LocalizedName description="Permobil" languagecode="1033" />
      </LocalizedNames>
      <Descriptions>
        <Description description="Default publisher for this organization" languagecode="1033" />
      </Descriptions>
      <EMailAddress xsi:nil="true"></EMailAddress>
      <SupportingWebsiteUrl xsi:nil="true"></SupportingWebsiteUrl>
      <CustomizationPrefix>permobil</CustomizationPrefix>
      <CustomizationOptionValuePrefix>41536</CustomizationOptionValuePrefix>
      <Addresses>
        <Address>
          <AddressNumber>1</AddressNumber>
          <AddressTypeCode xsi:nil="true"></AddressTypeCode>
          <City xsi:nil="true"></City>
          <County xsi:nil="true"></County>
          <Country xsi:nil="true"></Country>
          <Fax xsi:nil="true"></Fax>
          <FreightTermsCode xsi:nil="true"></FreightTermsCode>
          <ImportSequenceNumber xsi:nil="true"></ImportSequenceNumber>
          <Latitude xsi:nil="true"></Latitude>
          <Line1 xsi:nil="true"></Line1>
          <Line2 xsi:nil="true"></Line2>
          <Line3 xsi:nil="true"></Line3>
          <Longitude xsi:nil="true"></Longitude>
          <Name xsi:nil="true"></Name>
          <PostalCode xsi:nil="true"></PostalCode>
          <PostOfficeBox xsi:nil="true"></PostOfficeBox>
          <PrimaryContactName xsi:nil="true"></PrimaryContactName>
          <ShippingMethodCode xsi:nil="true"></ShippingMethodCode>
          <StateOrProvince xsi:nil="true"></StateOrProvince>
          <Telephone1 xsi:nil="true"></Telephone1>
          <Telephone2 xsi:nil="true"></Telephone2>
          <Telephone3 xsi:nil="true"></Telephone3>
          <TimeZoneRuleVersionNumber xsi:nil="true"></TimeZoneRuleVersionNumber>
          <UPSZone xsi:nil="true"></UPSZone>
          <UTCOffset xsi:nil="true"></UTCOffset>
          <UTCConversionTimeZoneCode xsi:nil="true"></UTCConversionTimeZoneCode>
        </Address>
        <Address>
          <AddressNumber>2</AddressNumber>
          <AddressTypeCode xsi:nil="true"></AddressTypeCode>
          <City xsi:nil="true"></City>
          <County xsi:nil="true"></County>
          <Country xsi:nil="true"></Country>
          <Fax xsi:nil="true"></Fax>
          <FreightTermsCode xsi:nil="true"></FreightTermsCode>
          <ImportSequenceNumber xsi:nil="true"></ImportSequenceNumber>
          <Latitude xsi:nil="true"></Latitude>
          <Line1 xsi:nil="true"></Line1>
          <Line2 xsi:nil="true"></Line2>
          <Line3 xsi:nil="true"></Line3>
          <Longitude xsi:nil="true"></Longitude>
          <Name xsi:nil="true"></Name>
          <PostalCode xsi:nil="true"></PostalCode>
          <PostOfficeBox xsi:nil="true"></PostOfficeBox>
          <PrimaryContactName xsi:nil="true"></PrimaryContactName>
          <ShippingMethodCode xsi:nil="true"></ShippingMethodCode>
          <StateOrProvince xsi:nil="true"></StateOrProvince>
          <Telephone1 xsi:nil="true"></Telephone1>
          <Telephone2 xsi:nil="true"></Telephone2>
          <Telephone3 xsi:nil="true"></Telephone3>
          <TimeZoneRuleVersionNumber xsi:nil="true"></TimeZoneRuleVersionNumber>
          <UPSZone xsi:nil="true"></UPSZone>
          <UTCOffset xsi:nil="true"></UTCOffset>
          <UTCConversionTimeZoneCode xsi:nil="true"></UTCConversionTimeZoneCode>
        </Address>
      </Addresses>
    </Publisher>
    <RootComponents>
      <RootComponent type="1" schemaName="permobil_notes" />
      <RootComponent type="1" schemaName="permobil_settings" />
      <RootComponent type="61" schemaName="permobil_/Css/jquery_ui.css" />
      <RootComponent type="61" schemaName="permobil_/css/jquery_ui_1.7.3.custom.css" />
      <RootComponent type="61" schemaName="permobil_/Css/NoteManager.css" />
      <RootComponent type="61" schemaName="permobil_/Css/redmondTheme.css" />
      <RootComponent type="61" schemaName="permobil_/htm/index.htm" />
      <RootComponent type="61" schemaName="permobil_/htm/PM_OpenDocs.htm" />
      <RootComponent type="61" schemaName="permobil_/img/attach.png" />
      <RootComponent type="61" schemaName="permobil_/img/delete.png" />
      <RootComponent type="61" schemaName="permobil_/img/ui_icons_444444_256x240.png" />
      <RootComponent type="61" schemaName="permobil_/img/ui_icons_777777_256x240.png" />
      <RootComponent type="61" schemaName="permobil_/js/Common.js" />
      <RootComponent type="61" schemaName="permobil_/js/CustomGrid.js" />
      <RootComponent type="61" schemaName="permobil_/js/CustomNotes.js" />
      <RootComponent type="61" schemaName="permobil_/js/Fileuploader.js" />
      <RootComponent type="61" schemaName="permobil_/js/MetaDataService.js" />
      <RootComponent type="61" schemaName="permobil_/js/MOdata.js" />
      <RootComponent type="61" schemaName="permobil_/js/OData.js" />
      <RootComponent type="61" schemaName="permobil_/js/Permobil_settings.js" />
      <RootComponent type="61" schemaName="permobil_/js/SOAP.js" />
      <RootComponent type="61" schemaName="permobil_/js/UserRoleCheck.js" />
      <RootComponent type="61" schemaName="permobil_/libs/grid.locale_en.js" />
      <RootComponent type="61" schemaName="permobil_/libs/JqGrid.js" />
      <RootComponent type="61" schemaName="permobil_/libs/jquery.confirm.js" />
      <RootComponent type="61" schemaName="permobil_/libs/jquery_1.4.4.min.js" />
      <RootComponent type="61" schemaName="permobil_/libs/jquery_ui.js" />
    </RootComponents>
    <MissingDependencies>
      <MissingDependency>
        <Required key="0" type="1" schemaName="account" displayName="Account" solution="System" />
        <Dependent key="1" type="10" schemaName="permobil_account_permobil_notes_accountid" displayName="permobil_account_permobil_notes_accountid" parentSchemaName="permobil_notes" parentDisplayName="NotesCustom" />
      </MissingDependency>
    </MissingDependencies>
  </SolutionManifest>
</ImportExportXml>